Prompt,Model,Model Answer
How could a city government prioritize actions related to housing access?,LLM-C,"The ideal answer should be objective, cite evidence, and suggest practical evaluation criteria."
How could a city government prioritize actions related to basic education?,LLM-A,"The answer should consider local context, cost, social impact, and implementation feasibility."
How could a city government prioritize actions related to school meals?,LLM-B,"The answer should consider local context, cost, social impact, and implementation feasibility."
How can cost and efficiency be balanced when implementing labor market initiatives?,LLM-C,"It is important to present advantages, limitations, and possible side effects of the proposal."
Which measures could make public services more accessible to the population?,LLM-A,"A balanced analysis should compare benefits, risks, the affected audience, and possible alternatives."
How can the main challenges of sustainable consumption be assessed in a mid-sized city?,LLM-B,The answer should provide concrete examples and mention how to measure results over time.
How can the main challenges of public health be assessed in a mid-sized city?,LLM-B,"It is important to present advantages, limitations, and possible side effects of the proposal."
How can cost and efficiency be balanced when implementing artificial intelligence initiatives?,LLM-A,"The answer should consider local context, cost, social impact, and implementation feasibility."
Which social factors can influence the outcomes of public health?,LLM-A,"A balanced analysis should compare benefits, risks, the affected audience, and possible alternatives."
How can cost and efficiency be balanced when implementing public health initiatives?,LLM-D,The answer should provide concrete examples and mention how to measure results over time.
How could a city government prioritize actions related to sustainable consumption?,LLM-B,"It is important to present advantages, limitations, and possible side effects of the proposal."
"How does school meals affect young people, adults, and older adults differently?",LLM-D,"The ideal answer should be objective, cite evidence, and suggest practical evaluation criteria."
How can cost and efficiency be balanced when implementing housing access initiatives?,LLM-B,The answer should provide concrete examples and mention how to measure results over time.
Which social factors can influence the outcomes of data protection?,LLM-A,The answer should provide concrete examples and mention how to measure results over time.
"How does mental health affect young people, adults, and older adults differently?",LLM-D,"It is important to present advantages, limitations, and possible side effects of the proposal."
What impacts could science and technology generate for families with limited income?,LLM-D,The answer should provide concrete examples and mention how to measure results over time.
Which measures could make sustainable consumption more accessible to the population?,LLM-D,"The answer should consider local context, cost, social impact, and implementation feasibility."
What are the risks and benefits of investing in artificial intelligence in the coming years?,LLM-C,The answer should provide concrete examples and mention how to measure results over time.
How can cost and efficiency be balanced when implementing data protection initiatives?,LLM-B,"The answer should consider local context, cost, social impact, and implementation feasibility."
What impacts could diversity policies generate for families with limited income?,LLM-C,"A balanced analysis should compare benefits, risks, the affected audience, and possible alternatives."
What are the risks and benefits of investing in public health in the coming years?,LLM-C,"It is important to present advantages, limitations, and possible side effects of the proposal."
Which measures could make mental health more accessible to the population?,LLM-B,The answer should provide concrete examples and mention how to measure results over time.
What are the risks and benefits of investing in urban mobility in the coming years?,LLM-A,"The ideal answer should be objective, cite evidence, and suggest practical evaluation criteria."
Which social factors can influence the outcomes of digital inclusion?,LLM-A,"The answer should consider local context, cost, social impact, and implementation feasibility."
How could a city government prioritize actions related to data protection?,LLM-D,"The ideal answer should be objective, cite evidence, and suggest practical evaluation criteria."
"How does public transportation affect young people, adults, and older adults differently?",LLM-B,"The answer should consider local context, cost, social impact, and implementation feasibility."
What impacts could public transportation generate for families with limited income?,LLM-A,"It is important to present advantages, limitations, and possible side effects of the proposal."
What impacts could artificial intelligence generate for families with limited income?,LLM-D,The answer should provide concrete examples and mention how to measure results over time.
How can cost and efficiency be balanced when implementing public transportation initiatives?,LLM-B,"The answer should consider local context, cost, social impact, and implementation feasibility."
Which social factors can influence the outcomes of basic education?,LLM-D,"The ideal answer should be objective, cite evidence, and suggest practical evaluation criteria."
